{
  "attack_accs": {
    "nettack": 0.68,
    "dice": 0.698,
    "meta_attack": 0.796,
    "random_structure": 0.728,
    "feature_perturbation": 0.419,
    "edge_flip": 0.636,
    "gradient_attack": 0.0
  },
  "defended_accs": {
    "nettack": 0.686,
    "dice": 0.707,
    "meta_attack": 0.787,
    "random_structure": 0.731,
    "feature_perturbation": 0.773,
    "edge_flip": 0.638,
    "gradient_attack": 0.907
  },
  "attack_metrics": {
    "nettack": {
      "accuracy": 0.68,
      "precision": 0.6367406903837073,
      "recall": 0.6620203575408984,
      "f1": 0.6459021777506031
    },
    "dice": {
      "accuracy": 0.698,
      "precision": 0.6812817819074976,
      "recall": 0.7058068207049363,
      "f1": 0.6866013693796872
    },
    "meta_attack": {
      "accuracy": 0.796,
      "precision": 0.7724425458180469,
      "recall": 0.8137674670831022,
      "f1": 0.7869548633727883
    },
    "random_structure": {
      "accuracy": 0.728,
      "precision": 0.7038668432726117,
      "recall": 0.7426447979810982,
      "f1": 0.7175850048752614
    },
    "feature_perturbation": {
      "accuracy": 0.419,
      "precision": 0.25735973778824506,
      "recall": 0.26778730539434076,
      "f1": 0.178369117953256
    },
    "edge_flip": {
      "accuracy": 0.636,
      "precision": 0.6163122312334146,
      "recall": 0.6619116006470528,
      "f1": 0.6320079507597883
    },
    "gradient_attack": {
      "accuracy": 0.0,
      "precision": 0.0,
      "recall": 0.0,
      "f1": 0.0
    }
  },
  "defended_metrics": {
    "nettack": {
      "accuracy": 0.686,
      "precision": 0.6407368317123862,
      "recall": 0.6558838597111027,
      "f1": 0.6457377812915984
    },
    "dice": {
      "accuracy": 0.707,
      "precision": 0.6879283873690083,
      "recall": 0.7060877502138576,
      "f1": 0.6904874314592183
    },
    "meta_attack": {
      "accuracy": 0.787,
      "precision": 0.7653256933144755,
      "recall": 0.8014309613355913,
      "f1": 0.7785532266664463
    },
    "random_structure": {
      "accuracy": 0.731,
      "precision": 0.7075704802314762,
      "recall": 0.7404932111449914,
      "f1": 0.7194269726613933
    },
    "feature_perturbation": {
      "accuracy": 0.773,
      "precision": 0.7641989470477843,
      "recall": 0.76558736824707,
      "f1": 0.7559765275135717
    },
    "edge_flip": {
      "accuracy": 0.638,
      "precision": 0.6222114403808001,
      "recall": 0.6501687442543388,
      "f1": 0.6299505304895823
    },
    "gradient_attack": {
      "accuracy": 0.907,
      "precision": 0.9031353870060145,
      "recall": 0.8931674608495433,
      "f1": 0.8971446440503975
    }
  },
  "defended_accs_gnnguard": {
    "nettack": 0.686,
    "dice": 0.707,
    "meta_attack": 0.787,
    "random_structure": 0.731,
    "feature_perturbation": 0.721,
    "edge_flip": 0.614,
    "gradient_attack": 0.907
  },
  "defended_accs_ontology": {
    "nettack": 0.677,
    "dice": 0.676,
    "meta_attack": 0.75,
    "random_structure": 0.671,
    "feature_perturbation": 0.773,
    "edge_flip": 0.638,
    "gradient_attack": 0.87
  },
  "advanced_metrics": {
    "meta_attack": {
      "homophily_drop": 0.05693086322100638,
      "asr_global": 0.013,
      "entropy_clean": 0.22470261144761183,
      "entropy_attacked": 0.2367911466004457,
      "entropy_delta": 0.012088535152833868,
      "embedding_drift": 0.07262285053730011
    },
    "nettack": {
      "homophily_drop": 0.2882936725257037,
      "asr_global": 0.13,
      "entropy_clean": 0.22470261144761183,
      "entropy_attacked": 0.4432762530359184,
      "entropy_delta": 0.21857364158830656,
      "embedding_drift": 0.7707719206809998
    }
  }
}